id,entity
0,D06880
1,D03455
2,D00742
3,D03136
4,D08113
5,D02837
6,D00573
7,D00249
8,D02934
9,D03230
10,D06070
11,D00291
12,D00172
13,D00116
14,D02735
15,D04477
16,D03250
17,D02597
18,D02778
19,D00101
20,D00746
21,D03257
22,D05092
23,D01080
24,D00783
25,D00184
26,D00442
27,D00089
28,D03639
29,D00006
30,D00032
31,D00018
32,D00015
33,D02769
34,D00129
35,D00020
36,D00187
37,D00070
38,D00069
39,D00188
40,D02335
41,D08646
42,D08410
43,D00400
44,D00421
45,D04862
46,D00241
47,D07445
48,D03365
49,D00661
50,D00365
51,D07916
52,D03150
53,D00704
54,D00558
55,D05458
56,D08623
57,D00406
58,D00322
59,D00395
60,D00900
61,D00140
62,D01027
63,D00528
64,D08514
65,D00647
66,D00488
67,D00197
68,D08594
69,D01103
70,D08220
71,D05353
72,D00382
73,D07704
74,D07887
75,D01603
76,D08237
77,D08259
78,D04625
79,D00593
80,D07827
81,D00359
82,D00543
83,D07648
84,D02716
85,D00370
86,D00656
87,D00162
88,D00417
89,D00467
90,D03180
91,D00435
92,D08313
93,D07116
94,D03182
95,D01370
96,D00377
97,D07511
98,D08687
99,D02357
100,D00987
101,D00592
102,D00888
103,D00512
104,D02289
105,D07876
106,D06884
107,D00282
108,D00931
109,D08543
110,D07455
111,D00254
112,D00450
113,D02358
114,D03798
115,D01739
116,D08489
117,D00269
118,D00349
119,D01013
120,D00537
121,D00910
122,D01204
123,D02321
124,D00371
125,D00303
126,D00358
127,D07281
128,D03535
129,D00216
130,D08670
131,D04070
132,D01964
133,D01387
134,D07473
135,D00266
136,D00548
137,D01064
138,D08233
139,D04196
140,D01136
141,D07908
142,D02367
143,D00208
144,D06887
145,D03106
146,D00648
147,D01769
148,D00272
149,D02441
150,D00499
151,D00399
152,D00135
153,D00415
154,D00217
155,D01977
156,D03580
157,D00466
158,D07837
159,D07448
160,D04197
161,D00786
162,D01367
163,D00934
164,D00141
165,D07925
166,D04966
167,D08195
168,D00454
169,D00235
170,D00455
171,D00144
172,D01871
173,D00521
174,D07845
175,D08447
176,D07124
177,D00392
178,D01253
179,D00418
180,D00952
181,D08603
182,D00680
183,D07547
184,D00240
185,D00771
186,D04895
187,D00587
188,D08680
189,D00283
190,D02327
191,D00950
192,D00076
193,D00563
194,D00376
195,D02354
196,D08638
197,D07175
198,D01217
199,D03730
200,D07450
201,D08555
202,D08325
203,D00386
204,D08425
205,D08365
206,D07616
207,D00298
208,D01226
209,D01118
210,D00438
211,D07495
212,D00768
213,D00066
214,D08524
215,D01968
216,D00209
217,D00618
218,D00225
219,D02980
220,D02340
221,D00524
222,D00596
223,D00559
224,D00219
225,D00204
226,D05411
227,D00430
228,D08430
229,D00443
230,D04999
231,D00402
232,D00147
233,D00317
234,D01782
235,D05932
236,D00682
237,D01904
238,D00493
239,D00074
240,D00650
241,D00224
242,D07654
243,D00145
244,D02368
245,D00244
246,D02698
247,D00104
248,D00916
249,D00355
250,D02349
251,D00308
252,D08125
253,D05140
254,D06885
255,D08343
256,D00364
257,D07635
258,D08411
259,D08070
260,D01162
261,D00425
262,D00715
263,D01382
264,D00310
265,D01767
266,D00306
267,D08229
268,D00823
269,D04985
270,D00267
271,D00270
272,D08483
273,D02543
274,D04687
275,D00567
276,D07540
277,D02348
278,D05099
279,D02306
280,D07593
281,D00625
282,D07992
283,D07647
284,D00781
285,D00413
286,D01699
287,D05312
288,D08354
289,D00586
290,D00295
291,D00136
292,D00427
293,D00390
294,D06881
295,D00212
296,D00160
297,D03742
298,D00275
299,D00232
300,D00134
301,D00383
302,D07626
303,D07624
304,D02815
305,D00431
306,D01790
307,D00733
308,D00579
309,D07907
310,D07760
311,D00375
312,D00568
313,D00917
314,D00186
315,D08288
316,D08679
317,D07499
318,D00228
319,D00584
320,D00487
321,D02770
322,D00411
323,D00562
324,D00155
325,D00139
326,D00127
327,D00354
328,D08054
329,D00902
330,D01227
331,D01079
332,D07873
333,D00651
334,D00142
335,D00252
336,D00263
337,D01295
338,D08443
339,D00113
340,D00968
341,D07945
342,D00281
343,D00870
344,D00398
345,D07614
346,D00367
347,D00352
348,D00578
349,D02176
350,D07892
351,D00440
352,D07816
353,D01708
354,D08132
355,D07874
356,D01825
357,D00807
358,D00539
359,D07447
360,D08106
361,D00947
362,D00804
363,D00951
364,D00274
365,D00120
366,D01256
367,D08242
368,D02366
369,D00591
370,D00837
371,D02342
372,D02922
373,D00424
374,D00495
375,D00290
376,D01441
377,D00385
378,D00462
379,D07977
380,D00075
381,D00896
382,D00128
383,D00049
384,D00694
385,D00514
386,D05947
387,D00473
388,D00279
389,D00234
390,D07598
391,D00045
392,D00434
393,D07472
394,D00368
395,D07809
396,D00420
397,D00445
398,D00691
399,D00498
400,D01108
401,D00356
402,D00067
403,D08626
404,D01983
405,D07058
406,D02356
407,D08643
408,D04208
409,D01216
410,D00095
411,D00451
412,D08389
413,D00258
414,D00271
415,D02968
416,D04292
417,D08559
418,D00043
419,D08146
420,D00373
421,D05077
422,D00203
423,D00550
424,D00063
425,D07967
426,D00752
427,D01949
428,D00329
429,D07776
430,D00331
431,D07906
432,D00439
433,D01290
434,D01115
435,D00894
436,D00655
437,D05938
438,D00353
439,D00330
440,D08307
441,D07460
442,D02362
443,D00182
444,D08422
445,D00362
446,D08201
447,D02070
448,D00394
449,D00515
450,D00765
451,D00372
452,D01111
453,D00758
454,D00426
455,D07917
456,D08163
457,D01074
458,D00775
459,D00088
460,D00062
461,D01832
462,D03670
463,D00138
464,D00315
465,D00553
466,D01713
467,D08625
468,D00545
469,D00708
470,D00094
471,D00769
472,D00201
473,D02222
474,D02060
475,D08086
476,D00401
477,D08227
478,D00762
479,D00180
480,D00534
481,D00125
482,D00654
483,D00533
484,D02361
485,D01710
486,D00183
487,D08349
488,D00105
489,D00151
490,D00222
491,D00118
492,D03753
493,D06265
494,D00474
495,D00448
496,D00626
497,D00613
498,D00338
499,D07122
500,D02138
501,D05039
502,D00501
503,D08448
504,D00345
505,D00397
506,D00779
507,D00423
508,D00510
509,D00320
510,D00969
511,D00685
512,D02305
513,D00549
514,D00218
515,D02008
516,D00131
517,D01294
518,D04006
519,D00872
520,D04253
521,D00293
522,D08636
523,D00508
524,D00256
525,D00585
526,D07543
527,D08144
528,D05621
529,D07719
530,D00379
531,D03879
532,D00464
533,D00670
534,D08246
535,D00278
536,D00328
537,D00700
538,D00503
539,D00288
540,D08449
541,D06067
542,D08123
543,D02375
544,D00496
545,D00472
546,D00130
547,D08668
548,D00422
549,D00107
550,D07156
551,D02359
552,D07871
553,D00452
554,D07748
555,D01689
556,D01044
557,D04040
558,D00753
559,D01199
560,D00519
561,D03752
562,D07726
563,D00516
564,D08484
565,D00247
566,D07671
567,D04370
568,D02434
569,D08319
570,D02141
571,D05729
572,D00387
573,D00068
574,D08473
575,D00296
576,D07534
577,D00313
578,D00456
579,D02724
580,D00110
581,D08458
582,D00538
583,D00930
584,D01426
585,D00594
586,D02941
587,D08351
588,D00409
589,D00079
590,D01332
591,D07132
592,D04720
593,D00259
594,D07758
595,D00316
596,D00318
597,D03021
598,D00419
599,D04972
600,D02671
601,D02566
602,D08322
603,D00097
604,D07444
605,D05792
606,D02341
607,D04435
608,D00412
609,D00667
610,D00109
611,D05457
612,D01161
613,D05021
614,D00536
615,D07958
616,D00346
617,D08255
618,D00675
619,D03865
620,D08268
621,D08045
622,D05209
623,D01363
624,D00407
625,D00513
626,D08181
627,D00530
628,D07541
629,D00627
630,D03693
631,D08205
632,D07129
633,D00214
634,D07483
635,D01966
636,D00052
637,D00302
638,D01078
639,D00554
640,D02318
641,D00196
642,D07990
643,D00956
644,D00520
645,D00540
646,D00168
647,D07870
648,D03822
649,D00963
650,D00463
651,D08204
652,D00238
653,D08260
654,D00237
655,D00332
656,D03899
657,D07997
658,D00340
659,D01334
660,D02147
661,D08116
662,D00333
663,D00341
664,D00964
665,D00890
666,D00248
667,D00132
668,D00410
669,D03504
670,D01272
671,D07488
672,D00447
673,D00336
674,D05045
675,D08031
676,D00630
677,D00658
678,D00148
679,D00319
680,D00351
681,D00544
682,D00523
683,D08618
684,D00475
685,D04931
686,D00646
687,D03731
688,D00565
689,D00754
690,D00369
691,D08174
692,D08011
693,D00211
694,D04790
695,D00325
696,D07057
697,D02268
698,D00126
699,D02336
700,D00629
701,D06172
702,D02193
703,D00471
704,D00210
705,D07452
706,D02339
707,D00465
708,D08170
709,D01628
710,D00335
711,D00280
712,D00494
713,D00299
714,D01324
715,D07471
716,D01907
717,D00300
718,D07474
719,D02373
720,D01240
721,D00535
722,D07890
723,D00525
724,D00552
725,D08194
726,D00112
727,D07983
728,D00749
729,D08492
730,D00323
731,D00560
732,D01223
733,D02976
734,D02360
735,D08513
736,D01717
737,D01150
738,D01180
739,D00882
740,D00262
741,D07425
742,D07398
743,D00437
744,D00236
745,D02910
746,D00294
747,D01599
748,D00504
749,D00380
750,D07457
751,D03820
752,D03936
753,D00961
754,D08463
755,D08378
756,D00760
757,D00255
758,D08120
759,D00449
760,D00257
761,D02465
762,D07875
763,D00518
764,D07862
765,D08257
766,D07791
767,D06106
768,D08012
769,D07591
770,D06238
771,D00645
772,D00542
773,D01352
774,D07678
775,D08569
776,D02888
777,D00453
778,D01896
779,D00350
780,D08423
781,D02106
782,D02237
783,D02561
784,D08305
785,D00506
786,D03621
787,D00268
788,D00198
789,D00343
790,D08435
791,D01745
792,D00327
793,D00546
794,D00277
795,D07805
796,D08323
797,D02338
798,D00652
799,D07962
800,D04066
801,D00251
802,D01372
803,D03165
804,D00879
805,D00709
806,D00432
807,D08224
808,D00697
809,D00363
810,D00590
811,D00838
812,D00276
813,D07659
814,D00707
815,D02374
816,D00311
817,D00321
818,D00960
819,D02347
820,D02554
821,D08098
822,D00246
823,D00227
824,D08456
825,D07510
826,D04716
827,D07894
828,D00491
829,D00744
830,D00429
831,D00726
832,D00292
833,D00059
834,D00547
835,D01164
836,D00790
837,D00106
838,D00334
839,D00811
840,D07520
841,D07125
842,D02580
843,D02165
844,D01474
845,D00727
846,D02430
847,D01854
848,D07905
849,D03658
850,D04024
851,D03696
852,D08516
853,D03665
854,D02555
855,D03656
856,D05339
857,D06402
858,D07463
859,D08044
860,D04121
861,D05595
862,D05134
863,D03203
864,D03714
865,D00284
866,D00146
867,D04157
868,D00728
869,D05587
870,D00580
871,D02282
872,D02017
873,D04475
874,D04539
875,D04540
876,D02497
877,D07993
878,D01235
879,D00657
880,D00461
881,D02344
882,D02299
883,D07644
884,D00260
885,D02345
886,D00264
887,D07699
888,D04243
889,D08529
890,D00555
891,D00698
892,D02618
893,D01071
894,D00575
895,D08074
896,D01817
897,D00124
898,D08180
899,D08469
900,D00852
901,D01167
902,D00973
903,D07464
904,D01203
905,D01366
906,D00570
907,D03917
908,D00297
909,D00428
910,D08261
911,D00403
912,D02469
913,D00289
914,D07377
915,D01703
916,D02376
917,D07629
918,D00922
919,D07650
920,D07064
921,D00959
922,D00556
923,D00199
924,D00231
925,D01326
926,D01374
927,D01776
928,D01518
929,D00532
930,D07286
931,D07929
932,D03144
933,D01758
934,D07627
935,D07315
936,D02909
937,D02151
938,D07784
939,D07731
940,D03566
941,D07287
942,D07325
943,D07536
944,D01230
945,D01293
946,D04092
947,D01496
948,D07947
949,D01481
950,D01268
951,D01245
952,D01328
953,D00265
954,D01354
955,D03740
956,D08347
957,D02435
958,D00361
959,D00734
960,D00470
961,D00457
962,D02714
963,D08522
964,D07328
965,D00531
966,D00476
967,D01425
968,D02889
969,D00660
970,D01485
971,D03669
972,D02495
973,D08050
974,D00517
975,D07065
976,D08226
977,D08353
978,D08385
979,D08585
980,D00374
981,D03556
982,D08453
983,D00223
984,D03710
985,D00096
986,D05744
987,D08409
988,D00853
989,D07413
990,D04041
991,D01581
992,D01125
993,D02456
994,D02323
995,D00058
996,D06320
997,D03584
998,D10699
999,D00123
1000,D04281
1001,D07456
1002,D01634
1003,D07339
1004,D09605
1005,D06399
1006,D00033
1007,D03738
1008,D08478
1009,D00569
1010,D03248
1011,D08275
1012,D08109
1013,D00583
1014,D00185
1015,D00576
1016,D01716
1017,D02322
1018,D07349
1019,D01774
1020,D01049
1021,D03080
1022,D07107
1023,D02579
1024,D05456
1025,D00595
1026,D02386
1027,D00557
1028,D07335
1029,D01303
1030,D02629
1031,D08575
1032,D04645
1033,D07660
1034,D10593
1035,D01206
1036,D02537
1037,D05127
1038,D08956
1039,D08953
1040,D01665
1041,D04004
1042,D03649
1043,D03495
1044,D03253
1045,D01654
1046,D06281
1047,D08222
1048,D02577
1049,D08885
1050,D08892
1051,D02550
1052,D01418
1053,D02666
1054,D09569
1055,D09318
1056,D02938
1057,D10405
1058,D00433
1059,D00404
1060,D02365
1061,D07885
1062,D05768
1063,D06407
1064,D00108
1065,D09012
1066,D08879
1067,D09371
1068,D08860
1069,D09214
1070,D09980
1071,D09701
1072,D09360
1073,D10383
1074,D09997
1075,D09939
1076,D00561
1077,D01047
1078,D02142
1079,D01142
1080,D01721
1081,D05731
1082,D09315
1083,D06637
1084,D04603
1085,D05775
1086,D06553
1087,D06007
1088,D05940
1089,D01965
1090,D05597
1091,D03978
1092,D03895
1093,D01213
1094,D02995
1095,D06665
1096,D07299
1097,D03640
1098,D07086
1099,D03217
1100,D07883
1101,D01277
1102,D08617
1103,D07257
1104,D10027
1105,D07171
1106,D08547
1107,D02596
1108,D02878
1109,D07402
1110,D06363
1111,D06078
1112,D06068
1113,D07310
1114,D10081
1115,D08897
1116,D09337
1117,D08996
1118,D05446
1119,D06635
1120,D03062
1121,D01009
1122,D00490
1123,D03215
1124,D04112
1125,D02391
1126,D02556
1127,D03359
1128,D06021
1129,D05380
1130,D08884
1131,D02578
1132,D05029
1133,D10019
1134,D03213
1135,D05393
1136,D03252
1137,D03218
1138,D10643
1139,D03684
1140,D09314
1141,D06404
1142,D10147
1143,D04358
1144,D03222
1145,D09568
1146,D09698
1147,D02276
1148,D00102
1149,D08183
1150,D02971
1151,D07144
1152,D07462
1153,D02483
1154,D07522
1155,D07793
1156,D07226
1157,D02388
1158,D00408
1159,D08253
1160,D01908
1161,D01016
1162,D04257
1163,D06597
1164,D00444
1165,D01831
1166,D00932
1167,D01866
1168,D01041
1169,D01954
1170,D01545
1171,D01547
1172,D08100
1173,D01123
1174,D08634
1175,D03101
1176,D07523
1177,D02736
1178,D08578
1179,D06552
1180,D01139
1181,D07085
1182,D08872
1183,D09755
1184,D00250
1185,D00163
1186,D03353
1187,D01266
1188,D01308
1189,D02369
1190,D00949
1191,D04666
1192,D02351
1193,D01807
1194,D00393
1195,D06618
1196,D05143
1197,D00468
1198,D01993
1199,D00863
1200,D05589
1201,D06676
1202,D08535
1203,D02517
1204,D06398
1205,D06247
1206,D02027
1207,D01055
1208,D02709
1209,D01811
1210,D02516
1211,D07458
1212,D07195
1213,D07853
1214,D08091
1215,D00955
1216,D05004
1217,D08495
1218,D07537
1219,D07590
1220,D07700
1221,D01254
1222,D04820
1223,D09017
1224,D06274
1225,D08865
1226,D10014
1227,D07416
1228,D09637
1229,D09992
1230,D08566
1231,D01862
1232,D09720
1233,D09731
1234,D10001
1235,D09587
1236,D08914
1237,D09539
1238,D08876
1239,D09394
1240,D10062
1241,D09959
1242,D02527
1243,D03068
1244,D10172
1245,D09996
1246,D09566
1247,D08964
1248,D09574
1249,D02997
1250,D01892
1251,D08880
1252,D09355
1253,D09535
1254,D09970
1255,D10138
1256,D08837
1257,D10218
1258,D09950
1259,D09872
1260,D03441
1261,D06315
1262,D09592
1263,D03846
1264,D08976
1265,D10175
1266,D10064
1267,D08845
1268,D09724
1269,D10072
1270,D02926
1271,D10066
1272,D09572
1273,D10135
1274,D01980
1275,D10366
1276,D09321
1277,D04832
1278,D01567
1279,D04639
1280,D04624
1281,D01797
1282,D01376
1283,D04531
1284,D04530
1285,D08078
1286,D08064
1287,D07268
1288,D02427
1289,D02073
1290,D07951
1291,D07185
1292,D01344
1293,D07187
1294,D04102
1295,D07931
1296,D07320
1297,D04095
1298,D01394
1299,D01671
1300,D07897
1301,D07138
1302,D02565
1303,D07307
1304,D07718
1305,D01300
1306,D07198
1307,D01075
1308,D07468
1309,D01784
1310,D07300
1311,D07496
1312,D07316
1313,D07601
1314,D01744
1315,D07101
1316,D00245
1317,D03089
1318,D07192
1319,D03208
1320,D09967
1321,D09765
1322,D08083
1323,D10082
1324,D10316
1325,D09669
1326,D10574
1327,D10459
1328,D09893
1329,D10021
1330,D09686
1331,D08843
1332,D09889
1333,D05014
1334,D10575
1335,D10572
1336,D10479
1337,D10097
1338,D09325
1339,D10223
1340,D10560
1341,D07642
1342,D10551
1343,D03521
1344,D09881
1345,D10184
1346,D01639
1347,D09388
1348,D10372
1349,D09730
1350,D09546
1351,D10180
1352,D10559
1353,D09919
1354,D10481
1355,D10145
1356,D09696
1357,D07165
1358,D00551
1359,D07689
1360,D07431
1361,D10105
1362,D03335
1363,D09612
1364,D00991
1365,D10483
1366,D06457
1367,D10309
1368,D01258
1369,D01555
1370,D02161
1371,D02224
1372,D10119
1373,D05855
1374,D01893
1375,D01514
1376,D07872
1377,D10582
1378,D08673
1379,D05173
1380,D04781
1381,D05150
1382,D03493
1383,D07148
1384,D07465
1385,D08239
1386,D09316
1387,D02722
1388,D08149
1389,D03715
1390,D07269
1391,D07267
1392,D01183
1393,D03712
1394,D01810
1395,D01611
1396,D01176
1397,D07309
1398,D01321
1399,D01562
1400,D01145
1401,D01173
1402,D04657
1403,D05087
1404,D08392
1405,D02559
1406,D07338
1407,D00060
1408,D01244
1409,D03337
1410,D09729
1411,D07099
1412,D03898
1413,D02482
1414,D03251
1415,D03271
1416,D02622
1417,D02575
1418,D08466
1419,D10742
1420,D10745
1421,D10428
1422,D01451
1423,D10335
1424,D10557
1425,D08511
1426,D10532
1427,D03306
1428,D08808
1429,D01761
1430,D05987
1431,D02223
1432,D02457
1433,D01755
1434,D07434
1435,D00954
1436,D00028
1437,D01732
1438,D03769
1439,D01714
1440,D02760
1441,D00073
1442,D01087
1443,D10018
1444,D09727
1445,D10130
1446,D01730
1447,D01234
1448,D04996
1449,D08796
1450,D09994
1451,D10542
1452,D01528
1453,D07282
1454,D02840
1455,D02620
1456,D07634
1457,D01942
1458,D07774
1459,D03689
1460,D03791
1461,D02473
1462,D08156
1463,D08165
1464,D08299
1465,D01133
1466,D02492
1467,D00805
1468,D02490
1469,D08683
1470,D03002
1471,D07657
1472,D07828
1473,D07840
1474,D10229
1475,D08487
1476,D08596
1477,D08627
1478,D07795
1479,D09921
1480,D10071
1481,D10625
1482,D10639
1483,D10679
1484,D07276
1485,D00864
1486,D10773
1487,D01885
1488,D02756
1489,D01693
1490,D06066
1491,D07222
1492,D09673
1493,D09666
1494,D01719
1495,D10808
1496,D10883
1497,D02549
1498,D10061
1499,D10308
1500,D07283
1501,D03671
1502,D10555
1503,D09883
1504,D05218
1505,D01552
1506,D08441
1507,D01056
1508,D10079
1509,D01181
1510,D01195
1511,D08377
1512,D01131
1513,D03082
1514,D10676
1515,D09955
1516,D01773
1517,D01309
1518,D08590
1519,D05208
1520,D08124
1521,D01416
1522,D07717
1523,D10859
1524,D08688
1525,D01252
1526,D01322
1527,D02397
1528,D01642
1529,D01975
1530,D07972
1531,D01289
1532,D02787
1533,D07546
1534,D06130
1535,D07233
1536,D02406
1537,D07811
1538,D01513
1539,D07284
1540,D07834
1541,D01271
1542,D01190
1543,D07145
1544,D00861
1545,D01348
1546,D01471
1547,D07418
1548,D01804
1549,D01339
1550,D07643
1551,D03424
1552,D02324
1553,D07218
1554,D01380
1555,D08427
1556,D01466
1557,D07419
1558,D07143
1559,D01298
1560,D02301
1561,D01052
1562,D07649
1563,D07239
1564,D05406
1565,D00157
1566,D06646
1567,D01905
1568,D02474
1569,D06328
1570,D01582
1571,D07238
1572,D01910
1573,D07469
1574,D01760
1575,D07234
1576,D07327
1577,D02613
1578,D03561
1579,D07223
1580,D04582
1581,D07939
1582,D07981
1583,D07106
1584,D02560
1585,D09966
1586,D01398
1587,D00522
1588,D00957
1589,D04061
1590,D04063
1591,D08281
1592,D11021
1593,D08232
1594,D01735
1595,D10400
1596,D00810
1597,D10913
1598,D02539
1599,D08586
1600,D09723
1601,D08283
1602,D10727
1603,D04887
1604,D03077
1605,D10364
1606,D03772
1607,D05853
1608,D00690
1609,D06876
1610,D00165
1611,D01619
1612,D00976
1613,D01886
1614,D01442
1615,D09685
1616,D03945
1617,D00982
1618,D08416
1619,D07796
1620,D00770
1621,D01229
1622,D01072
1623,D07749
1624,D03083
1625,D09707
1626,D10433
1627,D11194
1628,D11470
1629,D11051
1630,D12055
1631,D11613
1632,D11815
1633,br08301
1634,br08302
1635,br08303
1636,br08310
1637,br08318
1638,br08319
1639,br08328
1640,br08329
1641,br08330
1642,br08332
1643,br08341
1644,br08311
1645,br08309
1646,br08307
1647,br08327
1648,br08312
1649,br08313
1650,br08324
1651,br08308
1652,br08314
1653,br08315
1654,br08317
1655,br08331
1656,DG01950
1657,DG01511
1658,DG01918
1659,DG01917
1660,DG03162
1661,DG01985
1662,DG01936
1663,DG01494
1664,DG01707
1665,DG01664
1666,DG03232
1667,DG02019
1668,DG01636
1669,DG01802
1670,DG01637
1671,DG01952
1672,DG02016
1673,DG02014
1674,DG02013
1675,DG02029
1676,DG01696
1677,DG03117
1678,DG01796
1679,DG01797
1680,DG01712
1681,DG01811
1682,DG01752
1683,DG03158
1684,DG03129
1685,DG03243
1686,DG01633
1687,DG02913
1688,DG02852
1689,DG01522
1690,DG01622
1691,DG01588
1692,DG01975
1693,DG02008
1694,DG01607
1695,DG01606
1696,DG02918
1697,DG01603
1698,DG01946
1699,DG01660
1700,DG02861
1701,DG02856
1702,DG02933
1703,DG01925
1704,DG01495
1705,DG03231
1706,DG01642
1707,DG02932
1708,DG01501
1709,DG01565
1710,DG01974
1711,DG01644
1712,DG01638
1713,DG01490
1714,DG01719
1715,DG01567
1716,DG01914
1717,DG03199
1718,DG02924
1719,DG03190
1720,DG03187
1721,DG01466
1722,DG01464
1723,DG01461
1724,DG01653
1725,DG01806
1726,DG03134
1727,DG01617
1728,DG01967
1729,DG01705
1730,DG01704
1731,DG01564
1732,DG01563
1733,DG01984
1734,DG01440
1735,DG02840
1736,DG01523
1737,DG01643
1738,DG01933
1739,DG01685
1740,DG01795
1741,DG01683
1742,DG02044
1743,DG02853
1744,DG03029
1745,DG02842
1746,DG01551
1747,DG01874
1748,DG01616
1749,DG01612
1750,DG01892
1751,DG02855
1752,DG01509
1753,DG01648
1754,DG01932
1755,DG01738
1756,DG01737
1757,DG02867
1758,DG01808
1759,DG01809
1760,DG01634
1761,DG02892
1762,DG01645
1763,DG01491
1764,DG01703
1765,DG01702
1766,DG01456
1767,DG01450
1768,DG01448
1769,DG01646
1770,DG01639
1771,DG01690
1772,DG01747
1773,DG01748
1774,DG01659
1775,DG01665
1776,DG01484
1777,DG01485
1778,DG01518
1779,DG01943
1780,DG01739
1781,DG01550
1782,DG01549
1783,DG03107
1784,DG01647
1785,DG01455
1786,DG01452
1787,DG01951
1788,DG01508
1789,DG01734
1790,DG01955
1791,DG02068
1792,DG02030
1793,DG02027
1794,DG02028
1795,DG01994
1796,DG01710
1797,DG01714
1798,DG01488
1799,DG01775
1800,DG01574
1801,DG02037
1802,DG01835
1803,DG03202
1804,DG01749
1805,DG01966
1806,DG01757
1807,DG01507
1808,DG01677
1809,DG01837
1810,DG01889
1811,DG01656
1812,DG02919
1813,DG01883
1814,DG02018
1815,DG01958
1816,DG01504
1817,DG01909
1818,DG01745
1819,DG01478
1820,DG01474
1821,DG01483
1822,DG01964
1823,DG01982
1824,DG01472
1825,DG01468
1826,DG02031
1827,DG02891
1828,DG01893
1829,DG01197
1830,DG01980
1831,DG01787
1832,DG01784
1833,DG01891
1834,DG01724
1835,DG01708
1836,DG01759
1837,DG01776
1838,DG01804
1839,DG01986
1840,DG01575
1841,DG01496
1842,DG01928
1843,DG01569
1844,DG01913
1845,DG01529
1846,DG01527
1847,DG01609
1848,DG01652
1849,DG01649
1850,DG01651
1851,DG01675
1852,DG01673
1853,DG01600
1854,DG01557
1855,DG01482
1856,DG01663
1857,DG01658
1858,DG01584
1859,DG02882
1860,DG01961
1861,DG01960
1862,DG03201
1863,DG03085
1864,DG01678
1865,DG01978
1866,DG01713
1867,DG01480
1868,DG01779
1869,DG02012
1870,DG01540
1871,DG01458
1872,DG02004
1873,DG01666
1874,DG01604
1875,DG01965
1876,DG02992
1877,DG01534
1878,DG01573
1879,DG02035
1880,DG02917
1881,DG03178
1882,DG01981
1883,DG03189
1884,DG01780
1885,DG01730
1886,DG01728
1887,DG01935
1888,DG01497
1889,DG02909
1890,DG01906
1891,DG01899
1892,DG01684
1893,DG01498
1894,DG01635
1895,DG01465
1896,DG01457
1897,DG03200
1898,DG03064
1899,DG02009
1900,DG02032
1901,DG02036
1902,DG01583
1903,DG01454
1904,DG01785
1905,DG01476
1906,DG01699
1907,DG01592
1908,DG01460
1909,DG01729
1910,DG03077
1911,DG01489
1912,DG02007
1913,DG01905
1914,DG01762
1915,DG01595
1916,DG01593
1917,DG01885
1918,DG01934
1919,DG01698
1920,DG01697
1921,DG01941
1922,DG01973
1923,DG01709
1924,DG01778
1925,DG01676
1926,DG01503
1927,DG03130
1928,DG01581
1929,DG01641
1930,DG01439
1931,DG01576
1932,DG01711
1933,DG01940
1934,DG01953
1935,DG01608
1936,DG01447
1937,DG01774
1938,DG02881
1939,DG01922
1940,DG01904
1941,DG01910
1942,DG01541
1943,DG02025
1944,DG02841
1945,DG01907
1946,DG01449
1947,DG01890
1948,DG02859
1949,DG02860
1950,DG01761
1951,DG01591
1952,DG01624
1953,DG01481
1954,DG02886
1955,DG02885
1956,DG01580
1957,DG01679
1958,DG02854
1959,DG02858
1960,DG01937
1961,DG01720
1962,DG02984
1963,DG01500
1964,DG01525
1965,DG03182
1966,DG01502
1967,DG02925
1968,DG01930
1969,DG02034
1970,DG01908
1971,DG01770
1972,DG01898
1973,DG02866
1974,DG02033
1975,DG03180
1976,DG01789
1977,DG01763
1978,DG01788
1979,DG01598
1980,DG03161
1981,DG01590
1982,DG01605
1983,DG02006
1984,DG01579
1985,DG01733
1986,DG01547
1987,DG01979
1988,DG03056
1989,DG01807
1990,DG01783
1991,DG01786
1992,DG01968
1993,DG01585
1994,DG01620
1995,DG01619
1996,DG01594
1997,DG01682
1998,DG02920
1999,DG01553
2000,DG01552
2001,DG01963
2002,DG02026
2003,DG01674
2004,DG01657
2005,DG01742
2006,DG01735
2007,DG03005
2008,DG01971
2009,DG01692
2010,DG01691
2011,DG01568
2012,DG01519
2013,DG02017
2014,DG01526
2015,DG02970
2016,DG03183
2017,DG01611
2018,DG01911
2019,DG01467
2020,DG01558
2021,DG01614
2022,DG03198
2023,DG02000
2024,DG01947
2025,DG01949
2026,DG02884
2027,DG01667
2028,DG01451
2029,DG02863
2030,DG01506
2031,DG01597
2032,DG01746
2033,DG01884
2034,DG01959
2035,DG01586
2036,DG01758
2037,DG02883
2038,DG01836
2039,DG02953
2040,DG02965
2041,DG03179
2042,DG01596
2043,DG01912
2044,DG01524
2045,DG01721
2046,DG02042
2047,DG01512
2048,DG03195
2049,DG02865
2050,DG02907
2051,DG01589
2052,DG02887
2053,DG01743
2054,DG02857
2055,DG03059
2056,DG01650
2057,DG01578
2058,DG01640
2059,DG02038
2060,DG01727
2061,DG01587
2062,DG03008
2063,DG01810
2064,DG03306
2065,DG02950
2066,DG01601
2067,DG02046
2068,DG02928
2069,DG01493
2070,DG02983
2071,DG01629
2072,DG01954
2073,DG01876
2074,DG03282
2075,DG01777
2076,DG01956
2077,DG01479
2078,DG03184
2079,DG01882
2080,DG03133
2081,DG01499
2082,DG01923
2083,DG01459
2084,DG01723
2085,DG01722
2086,DG02972
2087,DG03188
2088,DG02862
2089,DG03137
2090,DG02001
2091,DG01915
2092,DG01623
2093,DG01754
2094,DG02938
2095,DG01662
2096,DG02954
2097,DG01572
2098,DG01661
2099,DG01794
2100,DG01621
2101,DG03203
2102,DG02864
2103,DG03251
2104,DG01556
2105,DG01517
2106,DG03135
2107,DG01805
2108,DG01566
2109,DG03136
2110,DG02908
2111,DG02980
2112,DG02020
2113,DG03159
2114,DG01453
2115,DG02973
2116,DG01732
2117,DG03006
2118,DG01942
2119,DG03225
2120,DG03186
2121,DG02022
2122,DG03139
2123,DG03138
2124,DG02942
2125,DG03185
2126,DG01999
2127,DG03128
2128,DG03002
2129,DG01694
2130,DG03170
2131,H00020
2132,H02420
2133,H00630
2134,H01507
2135,H01656
2136,H01672
2137,H01674
2138,H00024
2139,H00031
2140,H01639
2141,H00437
2142,H01593
2143,H00282
2144,H01275
2145,H00408
2146,H00409
2147,H00219
2148,H00226
2149,H01608
2150,H00286
2151,H00681
2152,H01466
2153,H01476
2154,H01663
2155,H00253
2156,H01490
2157,H00018
2158,H01508
2159,H00330
2160,H00334
2161,H00083
2162,H00084
2163,H01132
2164,H01358
2165,H01586
2166,H01594
2167,H01641
2168,H01657
2169,H01718
2170,H01445
2171,H01580
2172,H00229
2173,H01634
2174,H01669
2175,H01862
2176,H00735
2177,H00787
2178,H01633
2179,H00058
2180,H00431
2181,H01616
2182,H01895
2183,H01502
2184,H01662
2185,H00010
2186,H00011
2187,H01464
2188,H02499
2189,H00057
2190,H01600
2191,H00363
2192,H00364
2193,H00398
2194,H00305
2195,H00311
2196,H00315
2197,H00319
2198,H00332
2199,H00336
2200,H00337
2201,H00343
2202,H00348
2203,H00354
2204,H00360
2205,H01515
2206,H01623
2207,H01621
2208,H00361
2209,H00435
2210,H01632
2211,H01635
2212,H01730
2213,H01459
2214,H01624
2215,H01636
2216,H01638
2217,H01609
2218,H00342
2219,H01631
2220,H01563
2221,H00005
2222,H00006
2223,H01613
2224,H01102
2225,H01388
2226,H01607
2227,H00344
2228,H01362
2229,H01648
2230,H01650
2231,H01316
2232,H01334
2233,H00007
2234,H00042
2235,H01667
2236,H02418
2237,H01366
2238,H01644
2239,H01813
2240,H00079
2241,H01714
2242,H00731
2243,H01729
2244,H00612
2245,H01595
2246,H01654
2247,H00004
2248,H00013
2249,H00014
2250,H00019
2251,H00022
2252,H00026
2253,H00030
2254,H00048
2255,H00009
2256,H01463
2257,H00001
2258,H00002
2259,H00003
2260,H00008
2261,H00017
2262,H01892
2263,H01532
2264,H01649
2265,H01653
2266,H00320
2267,H01522
2268,H01602
2269,H01460
2270,H01176
2271,H01213
2272,H00314
2273,H00345
2274,H00439
2275,H01359
2276,H01646
2277,H01709
2278,H01664
2279,H01597
2280,H01603
2281,H00365
2282,H00366
2283,H00045
2284,H01619
2285,H00080
2286,H01011
2287,H01357
2288,H01360
2289,H01382
2290,H01436
2291,H01465
2292,H01492
2293,H01495
2294,H01584
2295,H01585
2296,H01598
2297,H01604
2298,H01606
2299,H01620
2300,H01645
2301,H01647
2302,H01652
2303,H01655
2304,H01658
2305,H01659
2306,H01694
2307,H01712
2308,H01717
2309,H01737
2310,H01924
2311,H00111
2312,H00112
2313,H00312
2314,H00322
2315,H00324
2316,H01380
2317,H01408
2318,H00821
2319,H01450
2320,H01703
2321,H01484
2322,H00862
2323,H00015
2324,H00023
2325,H00027
2326,H00036
2327,H00037
2328,H00043
2329,H01047
2330,H01153
2331,H00041
2332,H00368
2333,H00297
2334,H00328
2335,H00039
2336,H00040
2337,H00082
2338,H01372
2339,H00028
2340,H01328
2341,H02392
2342,H01589
2343,H00340
2344,H01043
2345,H01054
2346,H01100
2347,H01519
2348,H00021
2349,H01458
2350,H02029
2351,H00110
2352,H00310
2353,H00321
2354,H00323
2355,H00325
2356,H00326
2357,H00349
2358,H00350
2359,H00355
2360,H00427
2361,H01318
2362,H01325
2363,H01415
2364,H01440
2365,H01511
2366,H01590
2367,H01591
2368,H01599
2369,H02410
2370,H00255
2371,H01175
2372,H01637
2373,H01742
2374,H00216
2375,H00237
2376,H00346
2377,H01240
2378,H01299
2379,H01521
2380,H01758
2381,H00155
2382,H01046
2383,H01090
2384,H01091
2385,H01092
2386,H00033
2387,H01431
2388,H01210
2389,H00359
2390,H01062
2391,H01319
2392,H01499
2393,H01501
2394,H01503
2395,H02033
2396,H00218
2397,H01500
2398,H00412
2399,H01695
2400,H01293
2401,H00746
2402,H00549
2403,H01625
2404,H01626
2405,H01629
2406,H01785
2407,H01802
2408,H01803
2409,H00035
2410,H00289
2411,H01513
2412,H02301
2413,H02302
2414,H00341
2415,H00627
2416,H00401
2417,H00413
2418,H01611
2419,H00783
2420,H00056
2421,H00066
2422,H01473
2423,H00038
2424,H00210
2425,H01963
2426,H00531
2427,H00896
2428,H00915
2429,H01471
2430,H01735
2431,H01788
2432,H00362
2433,H00812
2434,H00338
2435,H01410
2436,H00691
2437,H00715
2438,H00734
2439,H01673
2440,H01481
2441,H01771
2442,H02421
2443,H00152
2444,H01668
2445,H01468
2446,H01685
2447,H01710
2448,H00012
2449,H01612
2450,H01739
2451,H01660
2452,H00995
2453,H01329
2454,H01520
2455,H01456
2456,H01461
2457,H01615
2458,H01045
2459,H01093
2460,H01107
2461,H01610
2462,H01617
2463,H01628
2464,H01424
2465,H01267
2466,H00294
2467,H00215
2468,H00745
2469,H01109
2470,H02542
2471,H02427
2472,H02027
2473,H00808
2474,H01506
2475,H01666
2476,H01651
2477,H01698
2478,H00241
2479,H00243
2480,H00428
2481,H00429
2482,H00288
2483,H01006
2484,H00214
2485,H01467
2486,H01691
2487,H01692
2488,H01661
2489,H00205
2490,H00628
2491,H01342
2492,H00228
2493,H00059
2494,H01642
2495,H01592
2496,H00206
2497,H00912
2498,H02159
2499,H01682
2500,H00845
2501,H01005
2502,H01614
2503,H01479
2504,H01516
2505,H02398
2506,H01605
2507,H01723
2508,H01470
2509,H01640
2510,H02018
2511,H00183
2512,H02434
2513,H01587
2514,H01483
2515,H01618
2516,H01601
2517,H02425
2518,H01457
2519,H01622
2520,H01578
2521,H00046
2522,H00047
2523,H01555
2524,H01475
2525,H00945
2526,H01158
2527,H01400
2528,H01643
2529,H02141
2530,H02143
2531,H00254
2532,H01053
2533,hsa:2147
2534,hsa:1956
2535,hsa:4049
2536,hsa:7124
2537,hsa:2798
2538,hsa:799
2539,hsa:3554
2540,hsa:7850
2541,hsa:3643
2542,hsa:2157
2543,hsa:554
2544,hsa:2642
2545,hsa:6616
2546,hsa:3674
2547,hsa:3690
2548,hsa:552
2549,hsa:553
2550,hsa:3454
2551,hsa:3455
2552,hsa:2064
2553,hsa:915
2554,hsa:916
2555,hsa:917
2556,hsa:11261
2557,hsa:5530
2558,hsa:5532
2559,hsa:5533
2560,hsa:5534
2561,hsa:5535
2562,hsa:63928
2563,hsa:6752
2564,hsa:5021
2565,hsa:3559
2566,hsa:134
2567,hsa:135
2568,hsa:136
2569,hsa:140
2570,hsa:7421
2571,hsa:3156
2572,hsa:185
2573,hsa:1636
2574,hsa:3479
2575,hsa:2550
2576,hsa:9568
2577,hsa:6530
2578,hsa:6531
2579,hsa:6571
2580,hsa:1134
2581,hsa:1135
2582,hsa:1136
2583,hsa:1137
2584,hsa:1138
2585,hsa:1139
2586,hsa:1140
2587,hsa:1141
2588,hsa:1142
2589,hsa:1143
2590,hsa:1144
2591,hsa:1145
2592,hsa:1146
2593,hsa:55584
2594,hsa:57053
2595,hsa:8973
2596,hsa:1131
2597,hsa:2554
2598,hsa:2555
2599,hsa:2556
2600,hsa:2557
2601,hsa:2558
2602,hsa:2559
2603,hsa:2560
2604,hsa:2561
2605,hsa:2562
2606,hsa:2563
2607,hsa:2564
2608,hsa:2565
2609,hsa:2566
2610,hsa:2567
2611,hsa:2568
2612,hsa:55879
2613,hsa:153
2614,hsa:5693
2615,hsa:1644
2616,hsa:4128
2617,hsa:4129
2618,hsa:6532
2619,hsa:4988
2620,hsa:5468
2621,hsa:5138
2622,hsa:5139
2623,hsa:5140
2624,hsa:5141
2625,hsa:5142
2626,hsa:5143
2627,hsa:5144
2628,hsa:5153
2629,hsa:8654
2630,hsa:3757
2631,hsa:6570
2632,hsa:64805
2633,hsa:1129
2634,hsa:146
2635,hsa:147
2636,hsa:148
2637,hsa:495
2638,hsa:496
2639,hsa:6557
2640,hsa:6558
2641,hsa:3351
2642,hsa:3352
2643,hsa:150
2644,hsa:151
2645,hsa:152
2646,hsa:3758
2647,hsa:154
2648,hsa:6833
2649,hsa:2908
2650,hsa:55799
2651,hsa:781
2652,hsa:9254
2653,hsa:93589
2654,hsa:6559
2655,hsa:6240
2656,hsa:1128
2657,hsa:1132
2658,hsa:1133
2659,hsa:1813
2660,hsa:3356
2661,hsa:3350
2662,hsa:3357
2663,hsa:3358
2664,hsa:3363
2665,hsa:5617
2666,hsa:11280
2667,hsa:6323
2668,hsa:6326
2669,hsa:6328
2670,hsa:6329
2671,hsa:6331
2672,hsa:6334
2673,hsa:6335
2674,hsa:6336
2675,hsa:79001
2676,hsa:1814
2677,hsa:1815
2678,hsa:2099
2679,hsa:2100
2680,hsa:775
2681,hsa:776
2682,hsa:778
2683,hsa:779
2684,hsa:2890
2685,hsa:2891
2686,hsa:2892
2687,hsa:2893
2688,hsa:2897
2689,hsa:2898
2690,hsa:2899
2691,hsa:2900
2692,hsa:2901
2693,hsa:760
2694,hsa:762
2695,hsa:7153
2696,hsa:7155
2697,hsa:10846
2698,hsa:27115
2699,hsa:50940
2700,hsa:5136
2701,hsa:5137
2702,hsa:5150
2703,hsa:5151
2704,hsa:8622
2705,hsa:2224
2706,hsa:3269
2707,hsa:2548
2708,hsa:2595
2709,hsa:279
2710,hsa:280
2711,hsa:8972
2712,hsa:5737
2713,hsa:7298
2714,hsa:5340
2715,hsa:5241
2716,hsa:6256
2717,hsa:6257
2718,hsa:6258
2719,hsa:10381
2720,hsa:10382
2721,hsa:10383
2722,hsa:203068
2723,hsa:347688
2724,hsa:347733
2725,hsa:7280
2726,hsa:81027
2727,hsa:84617
2728,hsa:11238
2729,hsa:23632
2730,hsa:377677
2731,hsa:759
2732,hsa:761
2733,hsa:763
2734,hsa:765
2735,hsa:766
2736,hsa:767
2737,hsa:768
2738,hsa:771
2739,hsa:18
2740,hsa:2571
2741,hsa:2572
2742,hsa:7915
2743,hsa:8911
2744,hsa:8912
2745,hsa:8913
2746,hsa:5742
2747,hsa:5743
2748,hsa:1312
2749,hsa:5562
2750,hsa:5563
2751,hsa:2902
2752,hsa:2903
2753,hsa:2904
2754,hsa:2905
2755,hsa:2906
2756,hsa:3362
2757,hsa:3767
2758,hsa:3251
2759,hsa:170572
2760,hsa:200909
2761,hsa:285242
2762,hsa:3359
2763,hsa:9177
2764,hsa:155
2765,hsa:43
2766,hsa:4306
2767,hsa:6337
2768,hsa:6338
2769,hsa:6340
2770,hsa:7173
2771,hsa:476
2772,hsa:477
2773,hsa:478
2774,hsa:480
2775,hsa:2322
2776,hsa:2324
2777,hsa:3791
2778,hsa:3815
2779,hsa:5159
2780,hsa:5894
2781,hsa:5979
2782,hsa:673
2783,hsa:3053
2784,hsa:462
2785,hsa:7498
2786,hsa:7067
2787,hsa:7068
2788,hsa:1268
2789,hsa:1269
2790,hsa:10800
2791,hsa:4985
2792,hsa:4986
2793,hsa:367
2794,hsa:3274
2795,hsa:10280
2796,hsa:5914
2797,hsa:5915
2798,hsa:5916
2799,hsa:1733
2800,hsa:1734
2801,hsa:100
2802,hsa:1909
2803,hsa:1910
2804,hsa:1719
2805,hsa:200895
2806,hsa:3360
2807,hsa:25
2808,hsa:5156
2809,hsa:5465
2810,hsa:2618
2811,hsa:1586
2812,hsa:6869
2813,hsa:590
2814,hsa:3614
2815,hsa:3615
2816,hsa:1812
2817,hsa:5371
2818,hsa:7150
2819,hsa:7054
2820,hsa:5731
2821,hsa:217
2822,hsa:219
2823,hsa:224
2824,hsa:2475
2825,hsa:6560
2826,hsa:5732
2827,hsa:1786
2828,hsa:1788
2829,hsa:1789
2830,hsa:5733
2831,hsa:5734
2832,hsa:116443
2833,hsa:116444
2834,hsa:29881
2835,hsa:1816
2836,hsa:1588
2837,hsa:6529
2838,hsa:6241
2839,hsa:1584
2840,hsa:846
2841,hsa:1181
2842,hsa:4543
2843,hsa:4544
2844,hsa:1723
2845,hsa:3283
2846,hsa:3284
2847,hsa:3752
2848,hsa:3760
2849,hsa:3762
2850,hsa:3764
2851,hsa:3768
2852,hsa:3784
2853,hsa:2677
2854,hsa:6715
2855,hsa:6716
2856,hsa:6915
2857,hsa:9900
2858,hsa:124
2859,hsa:125
2860,hsa:126
2861,hsa:5739
2862,hsa:3741
2863,hsa:1969
2864,hsa:2534
2865,hsa:3932
2866,hsa:6714
2867,hsa:7525
2868,hsa:1803
2869,hsa:1436
2870,hsa:2321
2871,hsa:8639
2872,hsa:2740
2873,hsa:941
2874,hsa:942
2875,hsa:4158
2876,hsa:1728
2877,hsa:9971
2878,hsa:2977
2879,hsa:2982
2880,hsa:2983
2881,hsa:231
2882,hsa:10013
2883,hsa:10014
2884,hsa:3065
2885,hsa:3066
2886,hsa:51564
2887,hsa:55869
2888,hsa:79885
2889,hsa:83933
2890,hsa:8841
2891,hsa:9734
2892,hsa:9759
2893,hsa:107
2894,hsa:108
2895,hsa:109
2896,hsa:111
2897,hsa:112
2898,hsa:113
2899,hsa:114
2900,hsa:115
2901,hsa:196883
2902,hsa:55811
2903,hsa:5972
2904,hsa:1179
2905,hsa:22802
2906,hsa:9635
2907,hsa:240
2908,hsa:112398
2909,hsa:112399
2910,hsa:54583
2911,hsa:4170
2912,hsa:4609
2913,hsa:595
2914,hsa:6755
2915,hsa:3785
2916,hsa:3786
2917,hsa:56479
2918,hsa:9132
2919,hsa:5604
2920,hsa:5605
2921,hsa:3592
2922,hsa:3593
2923,hsa:51561
2924,hsa:3553
2925,hsa:1493
2926,hsa:4352
2927,hsa:2159
2928,hsa:4953
2929,hsa:3098
2930,hsa:3099
2931,hsa:3101
2932,hsa:80201
2933,hsa:3570
2934,hsa:774
2935,hsa:5745
2936,hsa:6524
2937,hsa:57823
2938,hsa:3552
2939,hsa:5578
2940,hsa:5579
2941,hsa:5582
2942,hsa:8600
2943,hsa:931
2944,hsa:6751
2945,hsa:6753
2946,hsa:11255
2947,hsa:9536
2948,hsa:7442
2949,hsa:3354
2950,hsa:3355
2951,hsa:4547
2952,hsa:6608
2953,hsa:238
2954,hsa:6098
2955,hsa:1901
2956,hsa:943
2957,hsa:4233
2958,hsa:558
2959,hsa:3716
2960,hsa:3717
2961,hsa:10673
2962,hsa:5228
2963,hsa:7422
2964,hsa:7423
2965,hsa:2984
2966,hsa:3718
2967,hsa:7297
2968,hsa:2260
2969,hsa:7010
2970,hsa:9817
2971,hsa:3569
2972,hsa:2066
2973,hsa:3605
2974,hsa:2149
2975,hsa:3676
2976,hsa:3695
2977,hsa:3061
2978,hsa:3062
2979,hsa:5133
2980,hsa:7357
2981,hsa:3953
2982,hsa:930
2983,hsa:695
2984,hsa:5293
2985,hsa:1551
2986,hsa:1576
2987,hsa:1577
2988,hsa:64816
2989,hsa:1019
2990,hsa:1021
2991,hsa:10038
2992,hsa:142
2993,hsa:2261
2994,hsa:2263
2995,hsa:2264
2996,hsa:10021
2997,hsa:348980
2998,hsa:57657
2999,hsa:610
3000,hsa:6754
3001,hsa:2492
3002,hsa:3973
3003,hsa:10060
3004,hsa:255738
3005,hsa:7299
3006,hsa:116085
3007,hsa:55867
3008,hsa:596
3009,hsa:29126
3010,hsa:7276
3011,hsa:23765
3012,hsa:5294
3013,hsa:10039
3014,hsa:8074
3015,hsa:2690
3016,hsa:3845
3017,hsa:718
3018,hsa:9475
3019,hsa04080
3020,hsa04610
3021,hsa04010
3022,hsa04012
3023,hsa05200
3024,hsa04060
3025,hsa04064
3026,hsa04210
3027,hsa04350
3028,hsa04380
3029,hsa04612
3030,hsa04920
3031,hsa05323
3032,hsa04912
3033,hsa04750
3034,hsa04910
3035,hsa04930
3036,hsa04962
3037,hsa04922
3038,hsa04721
3039,hsa04650
3040,hsa05321
3041,hsa04611
3042,hsa04640
3043,hsa04020
3044,hsa04270
3045,hsa04620
3046,hsa04630
3047,hsa05224
3048,hsa05226
3049,hsa04658
3050,hsa04659
3051,hsa04660
3052,hsa04218
3053,hsa04024
3054,hsa04971
3055,hsa04921
3056,hsa04144
3057,hsa04961
3058,hsa04978
3059,hsa00900
3060,hsa04261
3061,hsa04614
3062,hsa04727
3063,hsa04726
3064,hsa04728
3065,hsa05031
3066,hsa04725
3067,hsa05033
3068,hsa04970
3069,hsa03050
3070,ko03240
3071,ko00100
3072,hsa03320
3073,hsa04152
3074,ko03230
3075,ko05164
3076,ko03010
3077,hsa04022
3078,ko00240
3079,ko00670
3080,ko00790
3081,hsa04966
3082,ko03250
3083,hsa02010
3084,hsa04911
3085,ko00550
3086,hsa00230
3087,hsa04371
3088,hsa00240
3089,hsa04917
3090,hsa05012
3091,hsa00130
3092,hsa04915
3093,hsa04260
3094,hsa04724
3095,hsa00052
3096,hsa00500
3097,hsa04972
3098,hsa04973
3099,hsa00670
3100,hsa04114
3101,hsa04914
3102,hsa04540
3103,hsa04964
3104,hsa00590
3105,hsa05223
3106,hsa00564
3107,hsa04960
3108,hsa04918
3109,hsa04370
3110,hsa05211
3111,hsa05216
3112,hsa05225
3113,hsa04146
3114,hsa04919
3115,hsa05032
3116,hsa04668
3117,hsa05215
3118,ko00500
3119,hsa05212
3120,hsa05320
3121,hsa00790
3122,hsa05022
3123,ko00340
3124,ko03020
3125,hsa05220
3126,hsa00140
3127,hsa04934
3128,hsa05034
3129,ko05161
3130,hsa00190
3131,hsa05014
3132,hsa00260
3133,hsa00330
3134,hsa00340
3135,hsa00350
3136,hsa00360
3137,hsa00380
3138,hsa00982
3139,hsa05202
3140,hsa05221
3141,hsa04924
3142,ko05160
3143,hsa00010
3144,hsa00071
3145,hsa00620
3146,hsa04150
3147,hsa05030
3148,hsa04928
3149,hsa00270
3150,hsa05206
3151,hsa04975
3152,hsa00480
3153,hsa04115
3154,hsa04621
3155,hsa05010
3156,hsa04713
3157,hsa04925
3158,hsa05414
3159,hsa04512
3160,hsa00980
3161,hsa04974
3162,ko03260
3163,hsa04014
3164,hsa04151
3165,hsa04514
3166,hsa04672
3167,hsa04927
3168,hsa04145
3169,hsa04976
3170,hsa00051
3171,hsa04110
3172,hsa04330
3173,hsa04142
3174,hsa04066
3175,hsa05218
3176,hsa01521
3177,hsa04723
3178,hsa05230
3179,hsa04670
3180,hsa04664
3181,hsa05330
3182,ko05163
3183,hsa04935
3184,hsa04340
3185,hsa05205
3186,hsa05217
3187,hsa04071
3188,hsa04062
3189,hsa05210
3190,ko00190
3191,hsa05235
3192,hsa00600
3193,hsa04662
3194,hsa03410
3195,hsa04217
3196,hsa04913
3197,hsa04979
3198,hsa04916
3199,ko04114
3200,ko04914
3201,ko04725
3202,hsa04657
3203,hsa05171
3204,hsa04923
3205,K01313
3206,K04361
3207,K03156
3208,K05468
3209,K04280
3210,K04576
3211,K04386
3212,K04387
3213,K04527
3214,K03899
3215,K04228
3216,K04583
3217,K18211
3218,K06476
3219,K06493
3220,K04226
3221,K04227
3222,K05130
3223,K05131
3224,K05083
3225,K06450
3226,K06451
3227,K06452
3228,K04348
3229,K06268
3230,K17610
3231,K17611
3232,K04218
3233,K04229
3234,K05068
3235,K04265
3236,K04266
3237,K04267
3238,K04268
3239,K08539
3240,K00021
3241,K04166
3242,K01283
3243,K05459
3244,K04615
3245,K05035
3246,K05036
3247,K08155
3248,K04803
3249,K04804
3250,K04805
3251,K04806
3252,K04807
3253,K04808
3254,K04809
3255,K04810
3256,K04811
3257,K04812
3258,K04813
3259,K04814
3260,K04815
3261,K04816
3262,K04817
3263,K04818
3264,K04131
3265,K05175
3266,K05181
3267,K05184
3268,K05185
3269,K05186
3270,K05189
3271,K05192
3272,K04141
3273,K02737
3274,K01593
3275,K00274
3276,K05037
3277,K04215
3278,K18964
3279,K05917
3280,K08530
3281,K19392
3282,K13293
3283,K13296
3284,K13755
3285,K13762
3286,K18283
3287,K19021
3288,K04905
3289,K13998
3290,K04298
3291,K04130
3292,K04135
3293,K04136
3294,K04137
3295,K01542
3296,K01543
3297,K10951
3298,K14425
3299,K04153
3300,K04138
3301,K04139
3302,K04140
3303,K04995
3304,K02469
3305,K02470
3306,K02621
3307,K02622
3308,K22599
3309,K04142
3310,K05032
3311,K05771
3312,K04858
3313,K04859
3314,K04860
3315,K04861
3316,K14426
3317,K24802
3318,K10807
3319,K04129
3320,K04132
3321,K04133
3322,K04145
3323,K04157
3324,K04163
3325,K05439
3326,K00796
3327,K04833
3328,K04834
3329,K04836
3330,K04837
3331,K04838
3332,K04840
3333,K04841
3334,K04842
3335,K04843
3336,K05357
3337,K04146
3338,K04147
3339,K08550
3340,K08551
3341,K04850
3342,K04851
3343,K04853
3344,K04857
3345,K05197
3346,K05198
3347,K05199
3348,K05200
3349,K05201
3350,K05202
3351,K05203
3352,K05204
3353,K05205
3354,K18245
3355,K18246
3356,K03164
3357,K13298
3358,K18436
3359,K18437
3360,K18438
3361,K00787
3362,K04149
3363,K01176
3364,K12047
3365,K12316
3366,K12317
3367,K04262
3368,K00560
3369,K01315
3370,K08556
3371,K08524
3372,K08525
3373,K08526
3374,K07375
3375,K01672
3376,K00139
3377,K01580
3378,K04854
3379,K04855
3380,K04856
3381,K13524
3382,K00509
3383,K11987
3384,K00545
3385,K11385
3386,K11386
3387,K11387
3388,K07198
3389,K05208
3390,K05209
3391,K05210
3392,K05211
3393,K05212
3394,K04162
3395,K05004
3396,K00760
3397,K04819
3398,K04143
3399,K01049
3400,K04824
3401,K04825
3402,K04827
3403,K08555
3404,K00431
3405,K01539
3406,K04365
3407,K04366
3408,K05089
3409,K05091
3410,K05092
3411,K05097
3412,K05098
3413,K05126
3414,K03911
3415,K03912
3416,K00106
3417,K13938
3418,K05547
3419,K08362
3420,K04277
3421,K04278
3422,K04322
3423,K19394
3424,K04213
3425,K04214
3426,K08557
3427,K04150
3428,K20719
3429,K00706
3430,K08527
3431,K08528
3432,K08529
3433,K01562
3434,K17904
3435,K01488
3436,K04197
3437,K04198
3438,K00287
3439,K05195
3440,K05273
3441,K04160
3442,K00546
3443,K03040
3444,K03043
3445,K03046
3446,K04363
3447,K06619
3448,K06153
3449,K19302
3450,K07294
3451,K11787
3452,K07374
3453,K00512
3454,K04222
3455,K01050
3456,K00088
3457,K21037
3458,K04144
3459,K10054
3460,K03163
3461,K00501
3462,K04258
3463,K22472
3464,K00128
3465,K00790
3466,K00511
3467,K07203
3468,K14427
3469,K04259
3470,K00558
3471,K17398
3472,K17399
3473,K04260
3474,K04261
3475,K05213
3476,K05214
3477,K11611
3478,K14461
3479,K05840
3480,K07434
3481,K05034
3482,K10808
3483,K00497
3484,K04612
3485,K05011
3486,K04285
3487,K04286
3488,K00254
3489,K00070
3490,K00412
3491,K04893
3492,K04926
3493,K04997
3494,K04999
3495,K05001
3496,K05005
3497,K10106
3498,K12343
3499,K12344
3500,K04264
3501,K06258
3502,K13951
3503,K04263
3504,K04878
3505,K05103
3506,K05703
3507,K05704
3508,K05705
3509,K05856
3510,K01278
3511,K05090
3512,K05096
3513,K00276
3514,K04581
3515,K05412
3516,K05413
3517,K04200
3518,K00355
3519,K08537
3520,K12318
3521,K12319
3522,K00011
3523,K06067
3524,K11404
3525,K11405
3526,K11406
3527,K11407
3528,K11408
3529,K11409
3530,K11418
3531,K18671
3532,K08041
3533,K08042
3534,K08043
3535,K08044
3536,K08045
3537,K08046
3538,K08047
3539,K08048
3540,K08049
3541,K11265
3542,K01380
3543,K05027
3544,K05028
3545,K05030
3546,K00461
3547,K09592
3548,K02539
3549,K04377
3550,K04503
3551,K04221
3552,K04927
3553,K04928
3554,K04929
3555,K04930
3556,K04368
3557,K04369
3558,K22273
3559,K22274
3560,K05406
3561,K05425
3562,K05426
3563,K04519
3564,K06538
3565,K05082
3566,K01314
3567,K01581
3568,K00844
3569,K05055
3570,K04849
3571,K04585
3572,K14382
3573,K06733
3574,K04383
3575,K02677
3576,K19662
3577,K19663
3578,K05473
3579,K06466
3580,K04217
3581,K04219
3582,K01537
3583,K04151
3584,K15729
3585,K22775
3586,K05222
3587,K24803
3588,K14463
3589,K06226
3590,K05088
3591,K05119
3592,K04288
3593,K05145
3594,K05099
3595,K05115
3596,K04447
3597,K11217
3598,K05476
3599,K05448
3600,K16858
3601,K16859
3602,K12320
3603,K11218
3604,K11219
3605,K04362
3606,K05121
3607,K02110
3608,K10456
3609,K05405
3610,K05085
3611,K05489
3612,K03914
3613,K06483
3614,K06590
3615,K04238
3616,K04239
3617,K06744
3618,K00720
3619,K05062
3620,K06465
3621,K07370
3622,K00922
3623,K17689
3624,K17690
3625,K17691
3626,K17692
3627,K02089
3628,K02091
3629,K10798
3630,K24070
3631,K05093
3632,K05094
3633,K05095
3634,K04954
3635,K04955
3636,K04956
3637,K04957
3638,K04220
3639,K22275
3640,K04247
3641,K04248
3642,K05033
3643,K13050
3644,K00505
3645,K08207
3646,K08208
3647,K02161
3648,K06745
3649,K20731
3650,K05164
3651,K21289
3652,K19390
3653,K22428
3654,K05080
3655,K07827
3656,K03990
3657,K17388
